receiver,component,kind,center_hz,tx_antenna_gain_db,path_loss_center_db,median_tx_total_power_dbm,median_rx_total_component_dbm
RX1,LTE_fundamental,fundamental_plus_OOB,800000000.0,15.787781905618704,155.14811950519277,40.73600387573242,-99.96724700927734
RX1,harmonic_2,harmonic,1600000000.0,5.7877819056187025,164.2865129459149,-19.263996124267578,-179.1056365966797
RX1,harmonic_3,harmonic,2400000000.0,0.7877819056187026,169.62743700239113,-24.263996124267578,-194.44656372070312
RX1,carrier_lo_leakage,spurious,800000000.0,15.787781905618704,155.14811950519277,-12.0,-151.2960205078125
RX1,reference_clock_minus,spurious,769280000.0,15.787781905618704,154.63167193218456,-27.0,-165.77957153320312
RX1,reference_clock_plus,spurious,830720000.0,15.787781905618704,155.64512281551256,-27.0,-166.79302978515625
RX2,LTE_fundamental,fundamental_plus_OOB,800000000.0,16.48094887815514,173.35501267082165,40.73600387573242,-116.28011322021484
RX2,harmonic_2,harmonic,1600000000.0,6.4809488781551385,182.4447683246171,-19.263996124267578,-195.369873046875
RX2,harmonic_3,harmonic,2400000000.0,1.4809488781551385,187.75274182745807,-24.263996124267578,-210.67784118652344
RX2,carrier_lo_leakage,spurious,800000000.0,16.48094887815514,173.35501267082165,-12.0,-168.68484497070312
RX2,reference_clock_minus,spurious,769280000.0,16.48094887815514,172.84038052534066,-27.0,-183.17019653320312
RX2,reference_clock_plus,spurious,830720000.0,16.48094887815514,173.8501186817981,-27.0,-184.179931640625
